ID;year;TL;sex;island_ID;survival;age;first_year;last_year;brood_ID;min_lifespan_years;recruits;tarsres
10;2000;1.09;2;27;0;1;1999;2000;1999.27.A.17.A.1;1;0;-0.702141072
12;2000;0.69;1;27;0;1;1999;2000;1999.27.A.17.A.1;1;0;-1.701359952
19;2000;0.57;2;27;1;1;1999;2001;1999.27.A.24.A.1;2;0;0.34533175
19;2001;0.57;2;27;0;2;1999;2001;1999.27.A.24.A.1;2;0;0.34533175
23;2000;0.89;1;27;1;1;1999;2001;1999.27.A.24.A.1;2;3;-0.074689514
23;2001;0.89;1;27;0;2;1999;2001;1999.27.A.24.A.1;2;1;-0.074689514
40;2000;1.1;1;27;0;1;1999;2000;1999.27.A.17.A.2;1;0;1.398640048
41;2000;1.03;1;27;0;1;1999;2000;1999.27.A.17.A.2;1;0;0.698640048
52;1995;0.92;2;27;0;1;1994;1995;1994.27.B.52.1;1;0;2.447858928
54;1995;0.58;1;27;1;1;1994;1996;1994.27.B.52.1;2;0;2.648640048
54;1996;0.58;1;27;0;2;1994;1996;1994.27.B.52.1;2;0;2.648640048
61;1995;1.12;1;27;1;1;1994;1996;1994.27.B.6.B.3;2;0;1.325310486
61;1996;1.12;1;27;0;2;1994;1996;1994.27.B.6.B.3;2;0;1.325310486
65;1995;0.65;1;27;0;1;1994;1995;1994.27.B.51.1;1;0;0.825310486
66;1995;0.76;1;27;0;1;1994;1995;1994.27.B.51.1;1;0;0.825310486
68;1995;0.87;2;27;1;1;1994;2001;1994.27.B.14.3;7;2;-0.173258046
68;1996;0.87;2;27;1;2;1994;2001;1994.27.B.14.3;7;1;-0.173258046
68;1997;0.87;2;27;1;3;1994;2001;1994.27.B.14.3;7;1;-0.173258046
68;1998;0.87;2;27;1;4;1994;2001;1994.27.B.14.3;7;3;-0.173258046
68;1999;0.87;2;27;1;5;1994;2001;1994.27.B.14.3;7;0;-0.173258046
68;2000;0.87;2;27;1;6;1994;2001;1994.27.B.14.3;7;1;-0.173258046
68;2001;0.87;2;27;0;7;1994;2001;1994.27.B.14.3;7;2;-0.173258046
75;1995;0.76;1;27;0;1;1994;1995;1994.27.B.21.2;1;0;1.420689858
78;1995;0.71;2;27;1;1;1994;1996;1994.27.B.53.1;2;0;0.976956464
78;1996;0.71;2;27;0;2;1994;1996;1994.27.B.53.1;2;0;0.976956464
79;1995;0.79;2;27;1;1;1994;1996;1994.27.B.51.1;2;1;-0.55466825
79;1996;0.79;2;27;0;2;1994;1996;1994.27.B.51.1;2;0;-0.55466825
81;1995;0.64;1;27;1;1;1994;2000;1994.27.B.51.1;6;0;-0.774689514
81;1996;0.64;1;27;1;2;1994;2000;1994.27.B.51.1;6;0;-0.774689514
81;1997;0.64;1;27;1;3;1994;2000;1994.27.B.51.1;6;0;-0.774689514
81;1998;0.64;1;27;1;4;1994;2000;1994.27.B.51.1;6;0;-0.774689514
81;1999;0.64;1;27;1;5;1994;2000;1994.27.B.51.1;6;0;-0.774689514
81;2000;0.64;1;27;0;6;1994;2000;1994.27.B.51.1;6;0;-0.774689514
87;1996;0.89;2;27;0;1;1995;1996;1995.27.B.12.1;1;0;-0.15466825
91;1996;1.21;1;27;0;1;1995;1996;1995.27.B.7.B.1;1;3;1.079681922
127;1995;0.73;1;27;1;1;1994;1996;1994.27.B.4.B.2;2;1;-0.020318078
127;1996;0.73;1;27;0;2;1994;1996;1994.27.B.4.B.2;2;0;-0.020318078
132;1995;1.05;1;27;0;1;1994;1995;1994.27.B.19.1;1;0;-0.392617079
138;1995;0.89;2;27;0;1;1994;1995;1994.27.A.9.1;1;0;0.360351807
140;1995;0.76;2;27;1;1;1994;1997;1994.27.A.7.A.1;3;0;-0.323043536
140;1996;0.76;2;27;1;2;1994;1997;1994.27.A.7.A.1;3;0;-0.323043536
140;1997;0.76;2;27;0;3;1994;1997;1994.27.A.7.A.1;3;0;-0.323043536
141;1995;0.73;1;27;1;1;1994;1996;1994.27.A.7.A.1;2;0;0.552324444
141;1996;0.73;1;27;0;2;1994;1996;1994.27.A.7.A.1;2;0;0.552324444
144;1995;0.6;1;27;1;1;1994;2001;1994.27.A.4.A.2;7;0;0.052324444
144;1996;0.6;1;27;1;2;1994;2001;1994.27.A.4.A.2;7;0;0.052324444
144;1997;0.6;1;27;1;3;1994;2001;1994.27.A.4.A.2;7;0;0.052324444
144;1998;0.6;1;27;1;4;1994;2001;1994.27.A.4.A.2;7;5;0.052324444
144;1999;0.6;1;27;1;5;1994;2001;1994.27.A.4.A.2;7;0;0.052324444
144;2000;0.6;1;27;1;6;1994;2001;1994.27.A.4.A.2;7;2;0.052324444
144;2001;0.6;1;27;0;7;1994;2001;1994.27.A.4.A.2;7;0;0.052324444
148;1995;0.6;1;27;1;1;1994;1997;1994.27.B.2.B.2;3;0;0.707382921
148;1996;0.6;1;27;1;2;1994;1997;1994.27.B.2.B.2;3;0;0.707382921
148;1997;0.6;1;27;0;3;1994;1997;1994.27.B.2.B.2;3;0;0.707382921
153;1995;0.66;1;27;1;1;1994;1997;1994.27.B.24.1;3;0;-0.51457256
153;1996;0.66;1;27;1;2;1994;1997;1994.27.B.24.1;3;4;-0.51457256
153;1997;0.66;1;27;0;3;1994;1997;1994.27.B.24.1;3;1;-0.51457256
157;1995;0.66;2;27;1;1;1994;1996;1994.27.A.33.B.1;2;0;1.549486549
157;1996;0.66;2;27;0;2;1994;1996;1994.27.A.33.B.1;2;0;1.549486549
160;1995;0.74;1;27;1;1;1994;1999;1994.27.A.5.A.1;5;0;2.246329735
160;1996;0.74;1;27;1;2;1994;1999;1994.27.A.5.A.1;5;0;2.246329735
160;1997;0.74;1;27;1;3;1994;1999;1994.27.A.5.A.1;5;1;2.246329735
160;1998;0.74;1;27;1;4;1994;1999;1994.27.A.5.A.1;5;0;2.246329735
160;1999;0.74;1;27;0;5;1994;1999;1994.27.A.5.A.1;5;0;2.246329735
169;1996;1.39;1;27;0;1;1995;1996;1995.27.B.2.B.2;1;0;0.398640048
170;1996;1.41;2;27;1;1;1995;2000;1995.27.B.2.B.2;5;0;-1.202141072
170;1997;1.41;2;27;1;2;1995;2000;1995.27.B.2.B.2;5;0;-1.202141072
170;1998;1.41;2;27;1;3;1995;2000;1995.27.B.2.B.2;5;0;-1.202141072
170;1999;1.41;2;27;1;4;1995;2000;1995.27.B.2.B.2;5;0;-1.202141072
170;2000;1.41;2;27;0;5;1995;2000;1995.27.B.2.B.2;5;0;-1.202141072
174;1997;0.7;2;27;0;1;1996;1997;1996.27.B.15.1;1;1;-1.15466825
199;1996;1.16;2;27;0;1;1995;1996;1995.27.A.1.A.1;1;0;0.634537996
211;1996;1.61;2;27;0;1;1995;1996;1995.27.B.17.1;1;1;-1.465462004
223;1996;0.81;2;27;0;1;1995;1996;1995.27.B.18.1;1;0;0.034537996
254;1997;0.7;1;27;0;1;1996;1997;1996.27.B.6.2;1;0;1.425310486
257;1997;0.82;1;27;1;1;1996;1998;1996.27.B.6.2;2;0;-1.174689514
257;1998;0.82;1;27;0;2;1996;1998;1996.27.B.6.2;2;0;-1.174689514
258;1997;0.81;1;27;0;1;1996;1997;1996.27.A.28.1;1;0;-0.674689514
270;1997;1.14;2;27;0;1;1996;1997;1996.27.A.28.1;1;0;1.04533175
271;1997;0.87;2;27;0;1;1996;1997;1996.27.A.5.1;1;4;1.497858928
272;1997;0.9;1;27;1;1;1996;1999;1996.27.A.5.1;3;0;1.398640048
272;1998;0.9;1;27;1;2;1996;1999;1996.27.A.5.1;3;0;1.398640048
272;1999;0.9;1;27;0;3;1996;1999;1996.27.A.5.1;3;0;1.398640048
287;1997;0.92;1;27;1;1;1996;1999;1996.27.A.46.1;3;4;0.93542744
287;1998;0.92;1;27;1;2;1996;1999;1996.27.A.46.1;3;1;0.93542744
287;1999;0.92;1;27;0;3;1996;1999;1996.27.A.46.1;3;0;0.93542744
301;2008;0.98;2;27;1;1;2007;2010;2007.27.A.40.A.3;3;0;2.019486549
301;2009;0.98;2;27;1;2;2007;2010;2007.27.A.40.A.3;3;1;2.019486549
301;2010;0.98;2;27;0;3;2007;2010;2007.27.A.40.A.3;3;3;2.019486549
313;1999;1.06;2;27;1;1;1998;2000;1998.27.A.14.A.1;2;0;-2.00726693
313;2000;1.06;2;27;0;2;1998;2000;1998.27.A.14.A.1;2;0;-2.00726693
314;1999;1.61;1;27;0;1;1998;1999;1998.27.B.9.A.1;1;1;0.879681922
316;1999;1.01;1;27;1;1;1998;2000;1998.27.B.9.A.1;2;0;0.379681922
316;2000;1.01;1;27;0;2;1998;2000;1998.27.B.9.A.1;2;2;0.379681922
336;1998;0.66;2;27;0;1;1997;1998;1997.27.A.14.A.1;1;0;-0.823258046
357;1998;0.6;1;27;0;1;1997;1998;1997.27.B.2.A.2;1;0;1.025310486
358;1998;0.76;1;27;1;1;1997;1999;1997.27.A.69.A.1;2;0;-1.253670265
358;1999;0.76;1;27;0;2;1997;1999;1997.27.A.69.A.1;2;0;-1.253670265
362;1998;0.7;1;27;0;1;1997;1998;1997.27.A.69.A.1;1;0;-0.453670265
368;1998;1.57;2;27;1;1;1997;2000;1997.27.A.13.A.2;3;0;1.260351807
368;1999;1.57;2;27;1;2;1997;2000;1997.27.A.13.A.2;3;1;1.260351807
368;2000;1.57;2;27;0;3;1997;2000;1997.27.A.13.A.2;3;0;1.260351807
371;1998;0.7;1;27;0;1;1997;1998;1997.27.B.98.A.1;1;0;1.646329735
372;1998;0.73;2;27;0;1;1997;1998;1997.27.B.98.A.1;1;1;2.555368956
375;1998;0.76;1;27;0;1;1997;1998;1997.27.B.3.A.2;1;0;0.125310486
376;1998;0.74;1;27;1;1;1997;1999;1997.27.B.3.A.2;2;0;0.925310486
376;1999;0.74;1;27;0;2;1997;1999;1997.27.B.3.A.2;2;2;0.925310486
377;1998;0.72;2;27;0;1;1997;1998;1997.27.B.3.A.2;1;0;-0.75466825
381;1998;0.66;2;27;0;1;1997;1998;1997.27.A.99.A.1;1;0;0.097858928
385;1998;0.96;2;27;0;1;1997;1998;1997.27.A.82.A.1;1;2;-0.165462004
386;1998;1.05;2;27;0;1;1997;1998;1997.27.A.82.A.1;1;2;0.034537996
387;1998;0.9;2;27;1;1;1997;1999;1997.27.A.82.A.1;2;1;1.034537996
387;1999;0.9;2;27;0;2;1997;1999;1997.27.A.82.A.1;2;1;1.034537996
388;1998;1;2;27;1;1;1997;1999;1997.27.A.82.A.1;2;0;-0.365462004
388;1999;1;2;27;0;2;1997;1999;1997.27.A.82.A.1;2;0;-0.365462004
390;1998;0.87;2;27;0;1;1997;1998;1997.27.A.73.A.1;1;0;0.176741954
395;1998;1.64;1;27;0;1;1997;1998;1997.27.B.75.A.1;1;1;0.279681922
397;1998;1.67;1;27;1;1;1997;1999;1997.27.B.25.A.1;2;0;-0.153670265
397;1999;1.67;1;27;0;2;1997;1999;1997.27.B.25.A.1;2;0;-0.153670265
401;1998;0.78;1;27;1;1;1997;2000;1997.27.A.15.A.2;3;1;0.225310486
401;1999;0.78;1;27;1;2;1997;2000;1997.27.A.15.A.2;3;0;0.225310486
401;2000;0.78;1;27;0;3;1997;2000;1997.27.A.15.A.2;3;2;0.225310486
404;1998;0.97;1;27;0;1;1997;1998;1997.27.A.14.A.2;1;0;0.825310486
405;1998;1.32;1;27;0;1;1997;1998;1997.27.A.14.A.2;1;0;1.025310486
414;1999;0.93;1;27;1;1;1998;2000;1998.27.A.22.A.1;2;0;-0.127686869
414;2000;0.93;1;27;0;2;1998;2000;1998.27.A.22.A.1;2;0;-0.127686869
420;1999;0.68;1;27;1;1;1998;2000;1998.27.A.30.A.1;2;0;-0.601359952
420;2000;0.68;1;27;0;2;1998;2000;1998.27.A.30.A.1;2;0;-0.601359952
425;1999;0.96;1;27;0;1;1998;1999;1998.27.B.38.A.1;1;0;1.698640048
428;1999;0.7;1;27;0;1;1998;1999;1998.27.B.38.A.1;1;0;1.798640048
436;1999;0.86;1;27;0;1;1998;1999;1998.27.A.43.A.1;1;0;0.252324444
438;1999;0.97;2;27;0;1;1998;1999;1998.27.B.3.A.2;1;0;0.94533175
439;1999;0.92;2;27;1;1;1998;2000;1998.27.B.3.A.2;2;0;0.54533175
439;2000;0.92;2;27;0;2;1998;2000;1998.27.B.3.A.2;2;0;0.54533175
441;1999;0.66;2;27;0;1;1998;1999;1998.27.B.5.A.2;1;0;1.334537996
445;1999;0.65;1;27;0;1;1998;1999;1998.27.B.23.A.2;1;0;2.346329735
447;1999;0.72;2;27;1;1;1998;2000;1998.27.B.23.A.2;2;0;1.455368956
447;2000;0.72;2;27;0;2;1998;2000;1998.27.B.23.A.2;2;0;1.455368956
452;1999;0.7;1;27;1;1;1998;2007;1998.27.B.25.A.2;9;0;2.725310486
452;2000;0.7;1;27;1;2;1998;2007;1998.27.B.25.A.2;9;3;2.725310486
452;2001;0.7;1;27;1;3;1998;2007;1998.27.B.25.A.2;9;0;2.725310486
452;2002;0.7;1;27;1;4;1998;2007;1998.27.B.25.A.2;9;5;2.725310486
452;2003;0.7;1;27;1;5;1998;2007;1998.27.B.25.A.2;9;1;2.725310486
452;2004;0.7;1;27;1;6;1998;2007;1998.27.B.25.A.2;9;1;2.725310486
452;2005;0.7;1;27;1;7;1998;2007;1998.27.B.25.A.2;9;0;2.725310486
452;2006;0.7;1;27;1;8;1998;2007;1998.27.B.25.A.2;9;0;2.725310486
452;2007;0.7;1;27;0;9;1998;2007;1998.27.B.25.A.2;9;1;2.725310486
454;1999;0.62;2;27;0;1;1998;1999;1998.27.B.25.A.2;1;0;0.54533175
462;1999;0.69;1;27;0;1;1998;1999;1998.27.B.41.B.1;1;0;0.852324444
468;1999;0.585;1;27;0;1;1998;1999;1998.27.B.52.A.1;1;0;-0.674689514
470;1999;0.77;2;27;0;1;1998;1999;1998.27.A.15.A.3;1;0;-1.302141072
472;1999;0.63;1;27;0;1;1998;1999;1998.27.B.51.A.1;1;0;0.052324444
477;1999;0.86;1;27;1;1;1998;2000;1998.27.B.26.A.2;2;0;-0.827686869
477;2000;0.86;1;27;0;2;1998;2000;1998.27.B.26.A.2;2;1;-0.827686869
481;1999;0.8;1;27;0;1;1998;1999;1998.27.B.35.A.2;1;1;0.552324444
482;1999;0.68;2;27;1;1;1998;2001;1998.27.B.35.A.2;3;0;0.776956464
482;2000;0.68;2;27;1;2;1998;2001;1998.27.B.35.A.2;3;1;0.776956464
482;2001;0.68;2;27;0;3;1998;2001;1998.27.B.35.A.2;3;1;0.776956464
483;1999;0.68;2;27;0;1;1998;1999;1998.27.B.35.A.2;1;0;0.276956464
485;1999;0.64;2;27;0;1;1998;1999;1998.27.A.28.A.2;1;0;-0.25466825
487;2000;0.86;1;27;1;1;1999;2001;1999.27.A.31.A.1;2;0;-0.327686869
487;2001;0.86;1;27;0;2;1999;2001;1999.27.A.31.A.1;2;0;-0.327686869
498;2000;0.87;1;27;0;1;1999;2000;1999.27.B.39.A.1;1;0;-0.020318078
499;2000;1.06;2;27;1;1;1999;2001;1999.27.B.23.A.2;2;0;1.076956464
499;2001;1.06;2;27;0;2;1999;2001;1999.27.B.23.A.2;2;0;1.076956464
500;2000;1.4;2;27;1;1;1999;2003;1999.27.B.23.A.2;4;0;1.176956464
500;2001;1.4;2;27;1;2;1999;2003;1999.27.B.23.A.2;4;0;1.176956464
500;2002;1.4;2;27;1;3;1999;2003;1999.27.B.23.A.2;4;0;1.176956464
500;2003;1.4;2;27;0;4;1999;2003;1999.27.B.23.A.2;4;0;1.176956464
501;2000;1.13;2;27;1;1;1999;2002;1999.27.B.23.A.2;3;0;0.676956464
501;2001;1.13;2;27;1;2;1999;2002;1999.27.B.23.A.2;3;0;0.676956464
501;2002;1.13;2;27;0;3;1999;2002;1999.27.B.23.A.2;3;0;0.676956464
502;2000;1.03;2;27;0;1;1999;2000;1999.27.B.41.A.1;1;0;1.134537996
507;2000;0.81;1;27;0;1;1999;2000;1999.27.B.47.A.1;1;0;-1.474689514
511;2000;1.02;2;27;0;1;1999;2000;1999.27.B.45.A.1;1;0;-1.402141072
514;2000;1.05;1;27;1;1;1999;2001;1999.27.A.31.A.2;2;0;-1.274689514
514;2001;1.05;1;27;0;2;1999;2001;1999.27.A.31.A.2;2;0;-1.274689514
538;2000;0.86;2;27;0;1;1999;2000;1999.27.B.90.A.1;1;0;-0.30726693
544;2001;1.37;1;27;1;1;2000;2002;2000.27.B.20.A.1;2;0;0.798640048
544;2002;1.37;1;27;0;2;2000;2002;2000.27.B.20.A.1;2;0;0.798640048
545;2001;1.01;1;27;0;1;2000;2001;2000.27.B.21.A.1;1;1;-1.474689514
548;2001;1.14;2;27;1;1;2000;2002;2000.27.A.17.A.1;2;0;1.14533175
548;2002;1.14;2;27;0;2;2000;2002;2000.27.A.17.A.1;2;1;1.14533175
549;2001;1.26;2;27;0;1;2000;2001;2000.27.A.17.A.1;1;0;0.44533175
552;2001;1.05;2;27;0;1;2000;2001;2000.27.B.43.A.1;1;0;0.476956464
573;2002;1.07;1;27;1;1;2001;2003;2001.27.B.91.A.1;2;0;1.198640048
573;2003;1.07;1;27;0;2;2001;2003;2001.27.B.91.A.1;2;0;1.198640048
576;2002;1.24;1;27;1;1;2001;2003;2001.27.B.91.A.1;2;1;1.398640048
576;2003;1.24;1;27;0;2;2001;2003;2001.27.B.91.A.1;2;0;1.398640048
586;2001;0.91;2;27;1;1;2000;2004;2000.27.B.7.A.2;4;0;-1.002141072
586;2002;0.91;2;27;1;2;2000;2004;2000.27.B.7.A.2;4;0;-1.002141072
586;2003;0.91;2;27;1;3;2000;2004;2000.27.B.7.A.2;4;0;-1.002141072
586;2004;0.91;2;27;0;4;2000;2004;2000.27.B.7.A.2;4;0;-1.002141072
590;2001;0.87;1;27;0;1;2000;2001;2000.27.A.53.A.2;1;1;0.952324444
606;2001;0.76;2;27;1;1;2000;2002;2000.27.A.24.A.2;2;0;2.476956464
606;2002;0.76;2;27;0;2;2000;2002;2000.27.A.24.A.2;2;0;2.476956464
607;2001;0.74;2;27;0;1;2000;2001;2000.27.A.24.A.2;1;0;1.076956464
612;2001;1.15;1;27;0;1;2000;2001;2000.27.A.1.A.1;1;0;1.025310486
618;2001;0.82;2;27;1;1;2000;2003;2000.27.A.23.A.2;3;1;-1.344631044
618;2002;0.82;2;27;1;2;2000;2003;2000.27.A.23.A.2;3;1;-1.344631044
618;2003;0.82;2;27;0;3;2000;2003;2000.27.A.23.A.2;3;0;-1.344631044
619;2001;0.9;2;27;1;1;2000;2003;2000.27.A.23.A.2;3;0;-1.344631044
619;2002;0.9;2;27;1;2;2000;2003;2000.27.A.23.A.2;3;2;-1.344631044
619;2003;0.9;2;27;0;3;2000;2003;2000.27.A.23.A.2;3;2;-1.344631044
620;2001;0.81;2;27;1;1;2000;2002;2000.27.B.37.A.2;2;0;2.634537996
620;2002;0.81;2;27;0;2;2000;2002;2000.27.B.37.A.2;2;0;2.634537996
646;2008;0.97;2;27;0;1;2007;2008;2007.27.B.394.A.2;1;0;1.966956464
647;2008;0.74;2;27;0;1;2007;2008;2007.27.B.246.A.1;1;2;2.437858928
671;2002;0.63;2;27;1;1;2001;2005;2001.27.A.1.A.3;4;1;1.29273307
671;2003;0.63;2;27;1;2;2001;2005;2001.27.A.1.A.3;4;1;1.29273307
671;2004;0.63;2;27;1;3;2001;2005;2001.27.A.1.A.3;4;3;1.29273307
671;2005;0.63;2;27;0;4;2001;2005;2001.27.A.1.A.3;4;3;1.29273307
673;2002;0.92;1;27;0;1;2001;2002;2001.27.B.84.A.2;1;0;0.925310486
675;2002;0.72;2;27;1;1;2001;2010;2001.27.B.20.A.1;9;0;-0.023043536
675;2003;0.72;2;27;1;2;2001;2010;2001.27.B.20.A.1;9;1;-0.023043536
675;2004;0.72;2;27;1;3;2001;2010;2001.27.B.20.A.1;9;0;-0.023043536
675;2005;0.72;2;27;1;4;2001;2010;2001.27.B.20.A.1;9;0;-0.023043536
675;2006;0.72;2;27;1;5;2001;2010;2001.27.B.20.A.1;9;4;-0.023043536
675;2007;0.72;2;27;1;6;2001;2010;2001.27.B.20.A.1;9;2;-0.023043536
675;2008;0.72;2;27;1;7;2001;2010;2001.27.B.20.A.1;9;0;-0.023043536
675;2009;0.72;2;27;1;8;2001;2010;2001.27.B.20.A.1;9;0;-0.023043536
675;2010;0.72;2;27;0;9;2001;2010;2001.27.B.20.A.1;9;0;-0.023043536
687;2003;1.15;1;27;0;1;2002;2003;2002.27.A.145.A.1;1;0;-0.747675556
689;2003;1.14;2;27;1;1;2002;2004;2002.27.A.40.A.1;2;3;0.706956464
689;2004;1.14;2;27;0;2;2002;2004;2002.27.A.40.A.1;2;3;0.706956464
698;2003;0.77;1;27;1;1;2002;2005;2002.27.A.205.A.1;3;2;-0.827686869
698;2004;0.77;1;27;1;2;2002;2005;2002.27.A.205.A.1;3;2;-0.827686869
698;2005;0.77;1;27;0;3;2002;2005;2002.27.A.205.A.1;3;0;-0.827686869
722;2003;0.79;1;27;1;1;2002;2006;2002.27.B.203.A.1;4;0;1.607382921
722;2004;0.79;1;27;1;2;2002;2006;2002.27.B.203.A.1;4;0;1.607382921
722;2005;0.79;1;27;1;3;2002;2006;2002.27.B.203.A.1;4;1;1.607382921
722;2006;0.79;1;27;0;4;2002;2006;2002.27.B.203.A.1;4;0;1.607382921
729;2003;1;1;27;0;1;2002;2003;2002.27.B.7.A.1;1;0;1.828640048
737;2003;0.81;2;27;0;1;2002;2003;2002.27.B.200.A.2;1;0;-1.607338434
740;2003;1.08;2;27;0;1;2002;2003;2002.27.A.35.A.1;1;0;2.197858928
743;2003;0.71;1;27;1;1;2002;2004;2002.27.A.207.A.2;2;2;2.608640048
743;2004;0.71;1;27;0;2;2002;2004;2002.27.A.207.A.2;2;1;2.608640048
746;2003;0.9;2;27;1;1;2002;2007;2002.27.A.207.A.2;5;0;2.297858928
746;2004;0.9;2;27;1;2;2002;2007;2002.27.A.207.A.2;5;1;2.297858928
746;2005;0.9;2;27;1;3;2002;2007;2002.27.A.207.A.2;5;0;2.297858928
746;2006;0.9;2;27;1;4;2002;2007;2002.27.A.207.A.2;5;1;2.297858928
746;2007;0.9;2;27;0;5;2002;2007;2002.27.A.207.A.2;5;2;2.297858928
748;2003;1.16;1;27;1;1;2002;2004;2002.27.A.40.A.3;2;1;1.648640048
748;2004;1.16;1;27;0;2;2002;2004;2002.27.A.40.A.3;2;0;1.648640048
752;2003;1.02;1;27;0;1;2002;2003;2002.27.A.207.A.3;1;1;0.562313131
755;2003;0.98;2;27;0;1;2002;2003;2002.27.B.501.A.1;1;0;1.69533175
756;2003;0.71;1;27;0;1;2002;2003;2002.27.B.501.A.1;1;0;1.675310486
760;2003;0.79;1;27;1;1;2002;2005;2002.27.B.7.A.2;3;0;0.748640048
760;2004;0.79;1;27;1;2;2002;2005;2002.27.B.7.A.2;3;3;0.748640048
760;2005;0.79;1;27;0;3;2002;2005;2002.27.B.7.A.2;3;0;0.748640048
761;2003;1;1;27;1;1;2002;2004;2002.27.A.703.A.1;2;0;0.929681922
761;2004;1;1;27;0;2;2002;2004;2002.27.A.703.A.1;2;3;0.929681922
762;2003;1.04;1;27;0;1;2002;2003;2002.27.A.703.A.1;1;1;1.209681922
763;2003;0.95;1;27;0;1;2002;2003;2002.27.A.703.A.1;1;1;-0.200318078
766;2003;1.2;1;27;0;1;2002;2003;2002.27.B.203.A.3;1;0;2.378640048
768;2003;0.94;1;27;0;1;2002;2003;2002.27.B.203.A.3;1;0;1.808640048
770;2003;0.87;2;27;1;1;2002;2005;2002.27.B.213.A.2;3;1;1.976956464
770;2004;0.87;2;27;1;2;2002;2005;2002.27.B.213.A.2;3;3;1.976956464
770;2005;0.87;2;27;0;3;2002;2005;2002.27.B.213.A.2;3;0;1.976956464
772;2003;0.89;2;27;1;1;2002;2004;2002.27.B.213.A.2;2;1;1.566956464
772;2004;0.89;2;27;0;2;2002;2004;2002.27.B.213.A.2;2;5;1.566956464
777;2004;1.14;2;27;1;1;2003;2008;2003.27.B.230.A.1;5;0;1.884537996
777;2005;1.14;2;27;1;2;2003;2008;2003.27.B.230.A.1;5;0;1.884537996
777;2006;1.14;2;27;1;3;2003;2008;2003.27.B.230.A.1;5;2;1.884537996
777;2007;1.14;2;27;1;4;2003;2008;2003.27.B.230.A.1;5;2;1.884537996
777;2008;1.14;2;27;0;5;2003;2008;2003.27.B.230.A.1;5;2;1.884537996
791;2004;1.1;2;27;1;1;2003;2005;2003.27.B.3.A.2;2;0;1.807858928
791;2005;1.1;2;27;0;2;2003;2005;2003.27.B.3.A.2;2;0;1.807858928
796;2004;0.99;1;27;0;1;2003;2004;2003.27.B.204.A.2;1;0;1.618640048
797;2004;0.74;2;27;0;1;2003;2004;2003.27.B.204.A.2;1;1;0.947858928
800;2004;1.47;1;27;0;1;2003;2004;2003.27.B.215.A.2;1;0;0.025310486
801;2004;0.83;1;27;1;1;2003;2006;2003.27.B.215.A.2;3;2;0.125310486
801;2005;0.83;1;27;1;2;2003;2006;2003.27.B.215.A.2;3;1;0.125310486
801;2006;0.83;1;27;0;3;2003;2006;2003.27.B.215.A.2;3;1;0.125310486
811;2004;0.8;1;27;1;1;2003;2005;2003.27.B.204.A.1;2;2;0.802324444
811;2005;0.8;1;27;0;2;2003;2005;2003.27.B.204.A.1;2;1;0.802324444
826;2004;0.83;2;27;0;1;2003;2004;2003.27.B.216.A.1;1;0;-0.323043536
831;2004;0.92;2;27;1;1;2003;2005;2003.27.B.7.A.1;2;0;1.04533175
831;2005;0.92;2;27;0;2;2003;2005;2003.27.B.7.A.1;2;0;1.04533175
852;2004;0.79;2;27;1;1;2003;2005;2003.27.B.550.A.1;2;1;1.24273307
852;2005;0.79;2;27;0;2;2003;2005;2003.27.B.550.A.1;2;0;1.24273307
854;2004;1.15;2;27;0;1;2003;2004;2003.27.B.550.A.1;1;0;0.91273307
857;2005;0.99;1;27;1;1;2004;2006;2004.27.B.26.A.2;2;0;1.207382921
857;2006;0.99;1;27;0;2;2004;2006;2004.27.B.26.A.2;2;0;1.207382921
868;2005;0.72;2;27;1;1;2004;2007;2004.27.A.184.A.1;3;0;0.79273307
868;2006;0.72;2;27;1;2;2004;2007;2004.27.A.184.A.1;3;0;0.79273307
868;2007;0.72;2;27;0;3;2004;2007;2004.27.A.184.A.1;3;0;0.79273307
872;2005;0.88;2;27;0;1;2004;2005;2004.27.B.182.A.1;1;1;-0.723043536
873;2005;0.93;2;27;0;1;2004;2005;2004.27.B.113.A.3;1;0;1.976956464
874;2005;0.86;2;27;0;1;2004;2005;2004.27.B.113.A.3;1;0;1.776956464
882;2005;0.69;2;27;0;1;2004;2005;2004.27.B.114.A.3;1;0;1.034537996
885;2005;1.12;1;23;1;1;2004;2007;2004.23.A.505.A.2;3;0;1.312154505
885;2006;1.12;1;23;1;2;2004;2007;2004.23.A.505.A.2;3;0;1.312154505
885;2007;1.12;1;23;0;3;2004;2007;2004.23.A.505.A.2;3;0;1.312154505
891;2005;1.03;1;23;0;1;2004;2005;2004.23.A.111.A.1;1;0;1.343824005
901;2005;0.82;1;27;0;1;2004;2005;2004.27.B.4.A.2;1;0;0.672313131
902;2005;0.89;1;27;1;1;2004;2007;2004.27.B.4.A.2;3;4;1.872313131
902;2006;0.89;1;27;1;2;2004;2007;2004.27.B.4.A.2;3;1;1.872313131
902;2007;0.89;1;27;0;3;2004;2007;2004.27.B.4.A.2;3;3;1.872313131
903;2005;0.81;1;27;1;1;2004;2007;2004.27.B.4.A.2;3;1;1.322313131
903;2006;0.81;1;27;1;2;2004;2007;2004.27.B.4.A.2;3;0;1.322313131
903;2007;0.81;1;27;0;3;2004;2007;2004.27.B.4.A.2;3;2;1.322313131
906;2005;0.84;1;27;1;1;2004;2007;2004.27.B.114.A.2;3;0;1.986329735
906;2006;0.84;1;27;1;2;2004;2007;2004.27.B.114.A.2;3;0;1.986329735
906;2007;0.84;1;27;0;3;2004;2007;2004.27.B.114.A.2;3;1;1.986329735
907;2005;1.02;2;27;0;1;2004;2005;2004.27.B.114.A.2;1;0;2.555368956
910;2005;1;2;27;0;1;2004;2005;2004.27.B.114.A.2;1;0;1.985368956
912;2005;0.76;2;27;0;1;2004;2005;2004.27.A.40.A.2;1;0;1.89273307
922;2005;0.94;2;27;1;1;2004;2007;2004.27.B.121.A.2;3;2;0.752661566
922;2006;0.94;2;27;1;2;2004;2007;2004.27.B.121.A.2;3;1;0.752661566
922;2007;0.94;2;27;0;3;2004;2007;2004.27.B.121.A.2;3;0;0.752661566
924;2005;0.77;1;27;0;1;2004;2005;2004.27.B.181.A.1;1;0;0.829681922
930;2005;0.79;1;27;1;1;2004;2007;2004.27.B.47.A.3;3;0;1.232313131
930;2006;0.79;1;27;1;2;2004;2007;2004.27.B.47.A.3;3;0;1.232313131
930;2007;0.79;1;27;0;3;2004;2007;2004.27.B.47.A.3;3;0;1.232313131
933;2005;0.86;2;23;0;1;2004;2005;2004.23.A.507.A.2;1;0;-1.189075448
934;2005;1.15;2;23;0;1;2004;2005;2004.23.A.507.A.2;1;0;-0.989075448
936;2005;0.85;2;23;0;1;2004;2005;2004.23.A.517.A.1;1;1;0.148664045
938;2005;0.91;2;23;1;1;2004;2009;2004.23.A.100.A.1;5;0;0.810069768
938;2006;0.91;2;23;1;2;2004;2009;2004.23.A.100.A.1;5;0;0.810069768
938;2007;0.91;2;23;1;3;2004;2009;2004.23.A.100.A.1;5;0;0.810069768
938;2008;0.91;2;23;1;4;2004;2009;2004.23.A.100.A.1;5;0;0.810069768
938;2009;0.91;2;23;0;5;2004;2009;2004.23.A.100.A.1;5;0;0.810069768
952;2005;0.88;2;23;1;1;2004;2007;2004.23.A.491.A.1;3;1;-0.151335955
952;2006;0.88;2;23;1;2;2004;2007;2004.23.A.491.A.1;3;3;-0.151335955
952;2007;0.88;2;23;0;3;2004;2007;2004.23.A.491.A.1;3;1;-0.151335955
953;2005;0.8;1;23;0;1;2004;2005;2004.23.A.491.A.1;1;0;-0.085625321
954;2005;0.83;2;23;0;1;2004;2005;2004.23.A.491.A.1;1;0;-0.651335955
960;2005;0.79;2;27;1;1;2004;2007;2004.27.B.717.A.1;3;0;0.134537996
960;2006;0.79;2;27;1;2;2004;2007;2004.27.B.717.A.1;3;0;0.134537996
960;2007;0.79;2;27;0;3;2004;2007;2004.27.B.717.A.1;3;1;0.134537996
961;2005;0.93;2;27;0;1;2004;2005;2004.27.B.717.A.1;1;0;2.434537996
962;2005;0.96;2;27;1;1;2004;2006;2004.27.B.717.A.1;2;0;1.234537996
962;2006;0.96;2;27;0;2;2004;2006;2004.27.B.717.A.1;2;0;1.234537996
966;2004;0.67;1;27;0;1;2003;2004;2003.27.B.87.A.2;1;5;-0.117675556
971;2004;0.82;2;27;1;1;2003;2005;2003.27.B.400.A.3;2;1;0.28533175
971;2005;0.82;2;27;0;2;2003;2005;2003.27.B.400.A.3;2;1;0.28533175
972;2004;1.16;2;27;1;1;2003;2005;2003.27.B.400.A.3;2;0;-2.64466825
972;2005;1.16;2;27;0;2;2003;2005;2003.27.B.400.A.3;2;0;-2.64466825
973;2004;0.86;1;27;1;1;2003;2006;2003.27.B.400.A.3;3;0;2.055310486
973;2005;0.86;1;27;1;2;2003;2006;2003.27.B.400.A.3;3;0;2.055310486
973;2006;0.86;1;27;0;3;2003;2006;2003.27.B.400.A.3;3;0;2.055310486
990;2005;0.94;1;27;1;1;2004;2006;2004.27.B.112.A.1;2;0;-1.727686869
990;2006;0.94;1;27;0;2;2004;2006;2004.27.B.112.A.1;2;2;-1.727686869
992;2005;1.05;2;27;1;1;2004;2007;2004.27.A.40.A.1;3;0;-1.902141072
992;2006;1.05;2;27;1;2;2004;2007;2004.27.A.40.A.1;3;0;-1.902141072
992;2007;1.05;2;27;0;3;2004;2007;2004.27.A.40.A.1;3;0;-1.902141072
1003;2005;1.21;1;23;0;1;2004;2005;2004.23.A.497.A.1;1;0;-3.048964321
1016;2005;1.01;1;23;0;1;2004;2005;2004.23.A.4.A.1;1;1;-0.387845495
1021;2006;0.91;1;23;0;1;2005;2006;2005.23.A.516.A.1;1;2;0.689750613
1022;2006;1.06;1;23;0;1;2005;2006;2005.23.A.516.A.1;1;0;-0.540249387
1026;2006;1;2;23;1;1;2005;2007;2005.23.A.33.A.1;2;0;0.260069768
1026;2007;1;2;23;0;2;2005;2007;2005.23.A.33.A.1;2;0;0.260069768
1040;2005;1.07;2;23;1;1;2004;2007;2004.23.A.518.A.1;3;0;-1.731933973
1040;2006;1.07;2;23;1;2;2004;2007;2004.23.A.518.A.1;3;0;-1.731933973
1040;2007;1.07;2;23;0;3;2004;2007;2004.23.A.518.A.1;3;0;-1.731933973
1053;2005;0.72;2;27;1;1;2004;2007;2004.27.A.75.A.1;3;0;1.176956464
1053;2006;0.72;2;27;1;2;2004;2007;2004.27.A.75.A.1;3;1;1.176956464
1053;2007;0.72;2;27;0;3;2004;2007;2004.27.A.75.A.1;3;1;1.176956464
1055;2005;0.68;1;27;0;1;2004;2005;2004.27.A.75.A.1;1;1;1.352324444
1062;2005;0.86;2;27;0;1;2004;2005;2004.27.B.123.A.1;1;0;-1.993043536
1065;2005;1.34;1;27;1;1;2004;2008;2004.27.B.102.A.1;4;3;0.232324444
1065;2006;1.34;1;27;1;2;2004;2008;2004.27.B.102.A.1;4;2;0.232324444
1065;2007;1.34;1;27;1;3;2004;2008;2004.27.B.102.A.1;4;0;0.232324444
1065;2008;1.34;1;27;0;4;2004;2008;2004.27.B.102.A.1;4;2;0.232324444
1071;2006;0.84;1;23;1;1;2005;2011;2005.23.A.593.A.1;6;0;0.893824005
1071;2007;0.84;1;23;1;2;2005;2011;2005.23.A.593.A.1;6;0;0.893824005
1071;2008;0.84;1;23;1;3;2005;2011;2005.23.A.593.A.1;6;1;0.893824005
1071;2009;0.84;1;23;1;4;2005;2011;2005.23.A.593.A.1;6;0;0.893824005
1071;2010;0.84;1;23;1;5;2005;2011;2005.23.A.593.A.1;6;2;0.893824005
1071;2011;0.84;1;23;0;6;2005;2011;2005.23.A.593.A.1;6;2;0.893824005
1089;2006;0.91;1;23;0;1;2005;2006;2005.23.A.507.A.1;1;1;0.056394136
1097;2006;1.06;1;27;1;1;2005;2007;2005.27.B.124.A.1;2;0;0.798640048
1097;2007;1.06;1;27;0;2;2005;2007;2005.27.B.124.A.1;2;1;0.798640048
1130;2006;0.79;1;23;1;1;2005;2007;2005.23.A.495.A.2;2;2;0.086394136
1130;2007;0.79;1;23;0;2;2005;2007;2005.23.A.495.A.2;2;0;0.086394136
1137;2006;0.8;2;23;0;1;2005;2006;2005.23.A.512.A.2;1;1;-0.013064226
1141;2006;0.81;1;23;1;1;2005;2007;2005.23.A.502.C.2;2;0;1.912154505
1141;2007;0.81;1;23;0;2;2005;2007;2005.23.A.502.C.2;2;0;1.912154505
1173;2008;0.89;2;23;0;1;2007;2008;2007.23.A.8.A.2;1;0;-0.123064226
1201;2008;0.85;1;23;1;1;2007;2011;2007.23.A.93.A.3;4;0;0.961035679
1201;2009;0.85;1;23;1;2;2007;2011;2007.23.A.93.A.3;4;0;0.961035679
1201;2010;0.85;1;23;1;3;2007;2011;2007.23.A.93.A.3;4;4;0.961035679
1201;2011;0.85;1;23;0;4;2007;2011;2007.23.A.93.A.3;4;1;0.961035679
1202;2008;1.02;1;23;0;1;2007;2008;2007.23.A.93.A.3;1;0;0.311035679
1206;2008;0.89;2;23;1;1;2007;2011;2007.23.A.111.A.3;4;0;1.510924552
1206;2009;0.89;2;23;1;2;2007;2011;2007.23.A.111.A.3;4;0;1.510924552
1206;2010;0.89;2;23;1;3;2007;2011;2007.23.A.111.A.3;4;0;1.510924552
1206;2011;0.89;2;23;0;4;2007;2011;2007.23.A.111.A.3;4;0;1.510924552
1236;2008;0.72;1;27;0;1;2007;2008;2007.27.B.313.A.1;1;1;0.542324444
1240;2008;1.05;1;27;1;1;2007;2012;2007.27.B.401.A.1;5;0;1.418640048
1240;2009;1.05;1;27;1;2;2007;2012;2007.27.B.401.A.1;5;0;1.418640048
1240;2010;1.05;1;27;1;3;2007;2012;2007.27.B.401.A.1;5;1;1.418640048
1240;2011;1.05;1;27;1;4;2007;2012;2007.27.B.401.A.1;5;0;1.418640048
1240;2012;1.05;1;27;0;5;2007;2012;2007.27.B.401.A.1;5;3;1.418640048
1258;2008;0.81;1;27;1;1;2007;2010;2007.27.B.306.A.1;3;0;1.812324444
1258;2009;0.81;1;27;1;2;2007;2010;2007.27.B.306.A.1;3;1;1.812324444
1258;2010;0.81;1;27;0;3;2007;2010;2007.27.B.306.A.1;3;1;1.812324444
1264;2008;0.88;2;27;0;1;2007;2008;2007.27.B.258.A.1;1;0;2.677858928
1271;2009;1.01;1;23;0;1;2008;2009;2008.23.A.111.A.1;1;1;-1.251770124
1296;2009;0.94;2;27;1;1;2008;2011;2008.27.A.40.A.2;3;0;0.396956464
1296;2010;0.94;2;27;1;2;2008;2011;2008.27.A.40.A.2;3;3;0.396956464
1296;2011;0.94;2;27;0;3;2008;2011;2008.27.A.40.A.2;3;0;0.396956464
1308;2006;0.84;1;27;0;1;2005;2006;2005.27.B.124.A.2;1;0;1.327382921
1318;2006;1.21;1;27;1;1;2005;2007;2005.27.B.303.A.3;2;1;0.852324444
1318;2007;1.21;1;27;0;2;2005;2007;2005.27.B.303.A.3;2;0;0.852324444
1330;2006;0.71;1;27;1;1;2005;2010;2005.27.A.40.A.2;5;0;2.835310486
1330;2007;0.71;1;27;1;2;2005;2010;2005.27.A.40.A.2;5;0;2.835310486
1330;2008;0.71;1;27;1;3;2005;2010;2005.27.A.40.A.2;5;2;2.835310486
1330;2009;0.71;1;27;1;4;2005;2010;2005.27.A.40.A.2;5;1;2.835310486
1330;2010;0.71;1;27;0;5;2005;2010;2005.27.A.40.A.2;5;1;2.835310486
1332;2006;0.84;1;27;1;1;2005;2008;2005.27.A.40.A.2;3;0;1.185310486
1332;2007;0.84;1;27;1;2;2005;2008;2005.27.A.40.A.2;3;0;1.185310486
1332;2008;0.84;1;27;0;3;2005;2008;2005.27.A.40.A.2;3;0;1.185310486
1333;2006;1.34;2;23;1;1;2005;2007;2005.23.A.80.A.2;2;0;-0.448771603
1333;2007;1.34;2;23;0;2;2005;2007;2005.23.A.80.A.2;2;0;-0.448771603
1340;2006;1;2;23;1;1;2005;2007;2005.23.A.66.A.2;2;0;1.308664045
1340;2007;1;2;23;0;2;2005;2007;2005.23.A.66.A.2;2;0;1.308664045
1343;2006;0.56;1;23;0;1;2005;2006;2005.23.A.81.A.1;1;0;-0.248964321
1350;2006;1.06;1;27;0;1;2005;2006;2005.27.B.124.A.2;1;1;1.552313131
1363;2006;0.98;1;23;1;1;2005;2008;2005.23.A.33.A.2;3;0;0.151035679
1363;2007;0.98;1;23;1;2;2005;2008;2005.23.A.33.A.2;3;0;0.151035679
1363;2008;0.98;1;23;0;3;2005;2008;2005.23.A.33.A.2;3;0;0.151035679
1370;2006;0.93;2;27;0;1;2005;2006;2005.27.B.215.A.1;1;0;0.834537996
1396;2007;0.84;1;23;1;1;2006;2011;2006.23.A.93.A.2;5;0;1.152154505
1396;2008;0.84;1;23;1;2;2006;2011;2006.23.A.93.A.2;5;2;1.152154505
1396;2009;0.84;1;23;1;3;2006;2011;2006.23.A.93.A.2;5;1;1.152154505
1396;2010;0.84;1;23;1;4;2006;2011;2006.23.A.93.A.2;5;2;1.152154505
1396;2011;0.84;1;23;0;5;2006;2011;2006.23.A.93.A.2;5;0;1.152154505
1409;2006;0.74;2;23;0;1;2005;2006;2005.23.A.100.A.1;1;0;0.240069768
1432;2007;1.51;1;27;1;1;2006;2009;2006.27.B.111.A.2;3;3;1.952324444
1432;2008;1.51;1;27;1;2;2006;2009;2006.27.B.111.A.2;3;1;1.952324444
1432;2009;1.51;1;27;0;3;2006;2009;2006.27.B.111.A.2;3;3;1.952324444
1433;2007;1.32;2;27;0;1;2006;2007;2006.27.B.111.A.2;1;0;1.886956464
1440;2007;1.27;1;27;0;1;2006;2007;2006.27.B.214.A.2;1;0;0.552324444
1442;2007;1;1;27;1;1;2006;2008;2006.27.B.214.A.2;2;0;1.052324444
1442;2008;1;1;27;0;2;2006;2008;2006.27.B.214.A.2;2;2;1.052324444
1452;2007;0.85;2;27;0;1;2006;2007;2006.27.B.18.A.1;1;0;1.85533175
1455;2007;1.24;2;27;1;1;2006;2008;2006.27.A.75.A.1;2;0;1.436956464
1455;2008;1.24;2;27;0;2;2006;2008;2006.27.A.75.A.1;2;0;1.436956464
1466;2007;0.88;2;27;1;1;2006;2009;2006.27.A.32.A.2;3;0;1.026956464
1466;2008;0.88;2;27;1;2;2006;2009;2006.27.A.32.A.2;3;0;1.026956464
1466;2009;0.88;2;27;0;3;2006;2009;2006.27.A.32.A.2;3;0;1.026956464
1479;2007;1.23;1;27;0;1;2006;2007;2006.27.A.315.A.1;1;0;-0.647675556
1486;2007;1.17;1;27;0;1;2006;2007;2006.27.B.107.A.1;1;0;-1.304689514
1502;2007;1;2;27;0;1;2006;2007;2006.27.B.15.A.1;1;0;-0.05726693
1503;2007;1.09;2;27;0;1;2006;2007;2006.27.B.15.A.1;1;1;1.27273307
1528;2008;0.9;2;27;0;1;2007;2008;2007.27.B.102.A.1;1;0;0.994537996
1530;2008;0.79;1;27;1;1;2007;2010;2007.27.B.104.A.1;3;0;-0.737686869
1530;2009;0.79;1;27;1;2;2007;2010;2007.27.B.104.A.1;3;2;-0.737686869
1530;2010;0.79;1;27;0;3;2007;2010;2007.27.B.104.A.1;3;3;-0.737686869
1541;2008;0.84;2;27;1;1;2007;2010;2007.27.B.87.A.1;3;0;0.326956464
1541;2009;0.84;2;27;1;2;2007;2010;2007.27.B.87.A.1;3;1;0.326956464
1541;2010;0.84;2;27;0;3;2007;2010;2007.27.B.87.A.1;3;1;0.326956464
1552;2007;0.86;2;27;0;1;2006;2007;2006.27.A.398.A.1;1;1;-0.565462004
1556;2007;0.77;2;23;1;1;2006;2009;2006.23.A.100.A.1;3;0;-1.979930232
1556;2008;0.77;2;23;1;2;2006;2009;2006.23.A.100.A.1;3;0;-1.979930232
1556;2009;0.77;2;23;0;3;2006;2009;2006.23.A.100.A.1;3;0;-1.979930232
1557;2007;0.61;2;23;1;1;2006;2008;2006.23.A.100.B.1;2;0;0.610069768
1557;2008;0.61;2;23;0;2;2006;2008;2006.23.A.100.B.1;2;0;0.610069768
1572;2007;0.87;2;23;0;1;2006;2007;2006.23.A.506.A.1;1;0;1.468066027
1579;2007;0.78;2;23;0;1;2006;2007;2006.23.A.502.B.1;1;0;1.486935774
1586;2007;1.16;1;27;0;1;2006;2007;2006.27.B.118.A.2;1;0;1.932324444
1587;2007;0.93;1;27;0;1;2006;2007;2006.27.B.118.A.2;1;0;2.622324444
1588;2007;0.79;1;27;1;1;2006;2009;2006.27.B.313.A.1;3;0;0.565310486
1588;2008;0.79;1;27;1;2;2006;2009;2006.27.B.313.A.1;3;1;0.565310486
1588;2009;0.79;1;27;0;3;2006;2009;2006.27.B.313.A.1;3;0;0.565310486
1629;2007;0.76;2;27;0;1;2006;2007;2006.27.B.310.A.2;1;1;0.09533175
1630;2008;0.8;2;23;1;1;2007;2014;2007.23.A.33.A.1;7;0;0.336935774
1630;2009;0.8;2;23;1;2;2007;2014;2007.23.A.33.A.1;7;1;0.336935774
1630;2010;0.8;2;23;1;3;2007;2014;2007.23.A.33.A.1;7;5;0.336935774
1630;2011;0.8;2;23;1;4;2007;2014;2007.23.A.33.A.1;7;1;0.336935774
1630;2012;0.8;2;23;1;5;2007;2014;2007.23.A.33.A.1;7;4;0.336935774
1630;2013;0.8;2;23;1;6;2007;2014;2007.23.A.33.A.1;7;5;0.336935774
1653;2008;0.66;2;23;1;1;2007;2009;2007.23.A.593.A.1;2;0;0.770069768
1653;2009;0.66;2;23;0;2;2007;2009;2007.23.A.593.A.1;2;1;0.770069768
1659;2008;0.73;1;23;0;1;2007;2008;2007.23.A.93.A.1;1;0;-0.630249387
1660;2008;0.74;2;23;0;1;2007;2008;2007.23.A.111.A.1;1;3;0.438664045
1684;2009;1.59;1;23;1;1;2008;2011;2008.23.A.593.A.2;3;0;-0.006175995
1684;2010;1.59;1;23;1;2;2008;2011;2008.23.A.593.A.2;3;0;-0.006175995
1684;2011;1.59;1;23;0;3;2008;2011;2008.23.A.593.A.2;3;0;-0.006175995
1689;2009;0.87;1;27;0;1;2008;2009;2008.27.B.832.A.1;1;1;-0.287675556
1705;2009;0.72;2;23;0;1;2008;2009;2008.23.A.502.B.2;1;0;0.610924552
1712;2009;0.78;2;23;0;1;2008;2009;2008.23.A.115.A.2;1;2;-0.981933973
1713;2009;1.14;2;23;1;1;2008;2011;2008.23.A.115.A.2;3;1;0.218066027
1713;2010;1.14;2;23;1;2;2008;2011;2008.23.A.115.A.2;3;2;0.218066027
1713;2011;1.14;2;23;0;3;2008;2011;2008.23.A.115.A.2;3;0;0.218066027
1714;2009;1.13;2;23;1;1;2008;2010;2008.23.A.115.A.2;2;0;0.568066027
1714;2010;1.13;2;23;0;2;2008;2010;2008.23.A.115.A.2;2;3;0.568066027
1716;2009;0.87;1;23;0;1;2008;2009;2008.23.A.87.A.1;1;0;2.172154505
1725;2009;0.96;2;27;1;1;2008;2010;2008.27.B.834.A.1;2;2;1.047611667
1725;2010;0.96;2;27;0;2;2008;2010;2008.27.B.834.A.1;2;1;1.047611667
1729;2009;0.88;2;27;0;1;2008;2009;2008.27.A.75.A.2;1;2;1.357858928
1730;2009;0.93;1;27;0;1;2008;2009;2008.27.A.75.A.2;1;0;1.638640048
1735;2010;1.1;1;23;0;1;2009;2010;2009.23.A.376.A.1;1;0;-0.746175995
1742;2010;1.09;1;23;0;1;2009;2010;2009.23.A.352.A.1;1;1;-0.930249387
1752;2009;1.24;2;27;0;1;2008;2009;2008.27.B.29.A.2;1;2;-0.572141072
1757;2009;1.17;1;27;1;1;2008;2011;2008.27.B.219.A.2;3;0;-1.514689514
1757;2010;1.17;1;27;1;2;2008;2011;2008.27.B.219.A.2;3;0;-1.514689514
1757;2011;1.17;1;27;0;3;2008;2011;2008.27.B.219.A.2;3;0;-1.514689514
1758;2009;1;1;27;1;1;2008;2010;2008.27.B.219.A.2;2;0;1.355310486
1758;2010;1;1;27;0;2;2008;2010;2008.27.B.219.A.2;2;0;1.355310486
1759;2009;0.96;2;27;0;1;2008;2009;2008.27.B.219.A.2;1;0;0.77533175
1770;2009;0.9;2;27;0;1;2008;2009;2008.27.B.394.A.2;1;0;2.597858928
1771;2009;0.92;1;27;0;1;2008;2009;2008.27.B.394.A.2;1;2;2.908640048
1791;2010;1.16;2;27;1;1;2009;2011;2009.27.B.35.A.2;2;0;0.431805154
1791;2011;1.16;2;27;0;2;2009;2011;2009.27.B.35.A.2;2;1;0.431805154
1792;2010;1.71;1;27;1;1;2009;2011;2009.27.B.35.A.2;2;0;-1.295885884
1792;2011;1.71;1;27;0;2;2009;2011;2009.27.B.35.A.2;2;0;-1.295885884
1794;2010;1.23;1;27;1;1;2009;2011;2009.27.B.35.A.2;2;0;0.134114116
1794;2011;1.23;1;27;0;2;2009;2011;2009.27.B.35.A.2;2;1;0.134114116
1796;2010;0.83;1;27;0;1;2009;2010;2009.27.B.140.A.2;1;1;-0.209047043
1798;2010;1.88;2;27;0;1;2009;2010;2009.27.B.140.A.2;1;0;-1.159287324
1799;2010;2.11;1;27;0;1;2009;2010;2009.27.B.140.A.2;1;0;-0.799047043
1827;2010;0.94;2;27;1;1;2009;2017;2009.27.A.17.A.1;8;2;0.93787634
1827;2011;0.94;2;27;1;2;2009;2017;2009.27.A.17.A.1;8;1;0.93787634
1827;2012;0.94;2;27;1;3;2009;2017;2009.27.A.17.A.1;8;0;0.93787634
1827;2013;0.94;2;27;1;4;2009;2017;2009.27.A.17.A.1;8;0;0.93787634
1834;2010;0.93;2;27;1;1;2009;2011;2009.27.B.163.A.1;2;0;-0.45212366
1834;2011;0.93;2;27;0;2;2009;2011;2009.27.B.163.A.1;2;0;-0.45212366
1835;2010;0.96;1;27;1;1;2009;2011;2009.27.B.163.A.1;2;2;-0.50760474
1835;2011;0.96;1;27;0;2;2009;2011;2009.27.B.163.A.1;2;0;-0.50760474
1836;2010;1;2;27;1;1;2009;2011;2009.27.B.163.A.1;2;0;-0.64212366
1836;2011;1;2;27;0;2;2009;2011;2009.27.B.163.A.1;2;0;-0.64212366
1838;2010;1.28;2;27;1;1;2009;2011;2009.27.B.171.A.1;2;0;0.059470299
1838;2011;1.28;2;27;0;2;2009;2011;2009.27.B.171.A.1;2;0;0.059470299
1839;2010;1.29;1;27;1;1;2009;2012;2009.27.B.171.A.1;3;0;-0.263936118
1839;2011;1.29;1;27;1;2;2009;2012;2009.27.B.171.A.1;3;0;-0.263936118
1839;2012;1.29;1;27;0;3;2009;2012;2009.27.B.171.A.1;3;0;-0.263936118
1848;2010;0.89;1;27;1;1;2009;2011;2009.27.B.41.A.1;2;0;-1.945486183
1848;2011;0.89;1;27;0;2;2009;2011;2009.27.B.41.A.1;2;0;-1.945486183
1849;2010;0.85;2;27;0;1;2009;2010;2009.27.B.41.A.1;1;0;-1.261547767
1874;2010;1.35;1;23;1;1;2009;2012;2009.23.A.256.A.1;3;0;-0.468964321
1874;2011;1.35;1;23;1;2;2009;2012;2009.23.A.256.A.1;3;0;-0.468964321
1874;2012;1.35;1;23;0;3;2009;2012;2009.23.A.256.A.1;3;0;-0.468964321
1888;2010;1.6;1;23;0;1;2009;2010;2009.23.A.362.A.2;1;0;1.044374679
1892;2010;1.44;1;27;1;1;2009;2011;2009.27.B.187.A.2;2;0;-3.16760474
1892;2011;1.44;1;27;0;2;2009;2011;2009.27.B.187.A.2;2;0;-3.16760474
1899;2010;1.31;2;27;1;1;2009;2011;2009.27.B.76.A.1;2;1;0.182389682
1899;2011;1.31;2;27;0;2;2009;2011;2009.27.B.76.A.1;2;1;0.182389682
1901;2010;1.25;2;27;1;1;2009;2011;2009.27.B.84.A.1;2;0;0.612611667
1901;2011;1.25;2;27;0;2;2009;2011;2009.27.B.84.A.1;2;0;0.612611667
1904;2010;1.18;2;27;1;1;2009;2011;2009.27.B.84.A.1;2;0;0.702611667
1904;2011;1.18;2;27;0;2;2009;2011;2009.27.B.84.A.1;2;0;0.702611667
1906;2010;1.15;2;27;0;1;2009;2010;2009.27.B.107.A.1;1;0;1.167858928
1908;2010;1.09;1;27;1;1;2009;2011;2009.27.B.107.A.1;2;0;0.148640048
1908;2011;1.09;1;27;0;2;2009;2011;2009.27.B.107.A.1;2;0;0.148640048
1911;2010;1.13;2;27;1;1;2009;2011;2009.27.B.171.A.2;2;0;0.902611667
1911;2011;1.13;2;27;0;2;2009;2011;2009.27.B.171.A.2;2;1;0.902611667
1913;2010;1.77;1;27;1;1;2009;2011;2009.27.B.171.A.2;2;0;1.07869103
1913;2011;1.77;1;27;0;2;2009;2011;2009.27.B.171.A.2;2;0;1.07869103
1915;2010;1.28;2;27;1;1;2009;2013;2009.27.B.67.A.1;4;1;0.35866255
1915;2011;1.28;2;27;1;2;2009;2013;2009.27.B.67.A.1;4;3;0.35866255
1915;2012;1.28;2;27;1;3;2009;2013;2009.27.B.67.A.1;4;0;0.35866255
1915;2013;1.28;2;27;0;4;2009;2013;2009.27.B.67.A.1;4;1;0.35866255
1919;2010;2.06;1;27;1;1;2009;2011;2009.27.B.67.A.1;2;0;1.436772623
1919;2011;2.06;1;27;0;2;2009;2011;2009.27.B.67.A.1;2;0;1.436772623
1920;2010;1.17;2;27;0;1;2009;2010;2009.27.B.140.A.1;1;1;1.076956464
1923;2010;0.96;2;27;1;1;2009;2012;2009.27.B.140.A.1;3;1;0.976956464
1923;2011;0.96;2;27;1;2;2009;2012;2009.27.B.140.A.1;3;1;0.976956464
1923;2012;0.96;2;27;0;3;2009;2012;2009.27.B.140.A.1;3;0;0.976956464
1924;2010;1.31;2;27;1;1;2009;2013;2009.27.B.148.A.1;4;0;1.160712676
1924;2011;1.31;2;27;1;2;2009;2013;2009.27.B.148.A.1;4;0;1.160712676
1924;2012;1.31;2;27;1;3;2009;2013;2009.27.B.148.A.1;4;0;1.160712676
1924;2013;1.31;2;27;0;4;2009;2013;2009.27.B.148.A.1;4;0;1.160712676
1930;2010;0.98;2;27;1;1;2009;2011;2009.27.B.92.A.1;2;1;-0.20212366
1930;2011;0.98;2;27;0;2;2009;2011;2009.27.B.92.A.1;2;0;-0.20212366
1942;2010;1.81;2;27;1;1;2009;2011;2009.27.B.99.A.1;2;2;0.26787634
1942;2011;1.81;2;27;0;2;2009;2011;2009.27.B.99.A.1;2;0;0.26787634
1943;2010;0.83;1;27;0;1;2009;2010;2009.27.B.99.A.1;1;0;-1.09760474
1945;2010;2.62;2;27;1;1;2009;2011;2009.27.B.99.A.1;2;0;-2.83212366
1945;2011;2.62;2;27;0;2;2009;2011;2009.27.B.99.A.1;2;0;-2.83212366
1949;2010;1.24;1;27;1;1;2009;2014;2009.27.A.17.A.2;5;0;1.133783293
1949;2011;1.24;1;27;1;2;2009;2014;2009.27.A.17.A.2;5;0;1.133783293
1949;2012;1.24;1;27;1;3;2009;2014;2009.27.A.17.A.2;5;0;1.133783293
1949;2013;1.24;1;27;1;4;2009;2014;2009.27.A.17.A.2;5;0;1.133783293
1957;2010;3.87;2;27;1;1;2009;2011;2009.27.B.75.A.1;2;1;1.649470299
1957;2011;3.87;2;27;0;2;2009;2011;2009.27.B.75.A.1;2;0;1.649470299
1961;2010;1.36;1;27;1;1;2009;2011;2009.27.B.163.A.2;2;0;1.236063882
1961;2011;1.36;1;27;0;2;2009;2011;2009.27.B.163.A.2;2;0;1.236063882
1967;2010;0.85;2;27;0;1;2009;2010;2009.27.B.90.A.2;1;0;0.154640255
1971;2010;0.92;2;27;0;1;2009;2010;2009.27.B.187.A.3;1;0;1.776956464
1986;2011;0.84;2;27;1;1;2010;2013;2010.27.A.17.A.1;3;1;1.078367387
1986;2012;0.84;2;27;1;2;2010;2013;2010.27.A.17.A.1;3;2;1.078367387
1986;2013;0.84;2;27;0;3;2010;2013;2010.27.A.17.A.1;3;2;1.078367387
1993;2011;1.44;1;27;0;1;2010;2011;2010.27.B.101.A.1;1;0;-0.543227377
1996;2011;0.88;1;27;0;1;2010;2011;2010.27.A.6.A.1;1;0;-1.074689514
1997;2011;1.19;1;27;0;1;2010;2011;2010.27.B.129.A.1;1;0;0.14542744
2011;2011;1.01;2;27;0;1;2010;2011;2010.27.A.105.A.1;1;0;0.206633963
2018;2011;0.66;1;27;1;1;2010;2012;2010.27.B.59.A.2;2;0;0.59869103
2018;2012;0.66;1;27;0;2;2010;2012;2010.27.B.59.A.2;2;0;0.59869103
2020;2011;0.67;2;27;0;1;2010;2011;2010.27.A.32.B.1;1;0;0.446956464
2022;2011;0.66;2;27;1;1;2010;2012;2010.27.B.76.A.2;2;0;0.676956464
2022;2012;0.66;2;27;0;2;2010;2012;2010.27.B.76.A.2;2;0;0.676956464
2023;2011;0.89;1;27;0;1;2010;2011;2010.27.B.32.A.1;1;0;0.459681922
2024;2011;0.86;2;27;0;1;2010;2011;2010.27.B.32.A.1;1;1;-0.99726693
2028;2011;0.68;2;27;0;1;2010;2011;2010.27.B.2.B.2;1;0;1.307858928
2032;2012;0.67;2;27;0;1;2011;2012;2011.27.A.219.A.1;1;0;-0.897338434
2033;2012;0.9;1;27;0;1;2011;2012;2011.27.B.244.A.1;1;0;-1.087675556
2055;2012;0.96;1;23;0;1;2011;2012;2011.23.A.263.A.1;1;0;0.851035679
2066;2012;0.79;1;23;1;1;2011;2014;2011.23.A.265.A.1;3;1;-0.788964321
2066;2013;0.79;1;23;1;2;2011;2014;2011.23.A.265.A.1;3;5;-0.788964321
2085;2012;1.01;2;27;1;1;2011;2014;2011.27.B.220.A.1;3;0;1.396956464
2085;2013;1.01;2;27;1;2;2011;2014;2011.27.B.220.A.1;3;1;1.396956464
2089;2012;0.85;2;27;1;1;2011;2013;2011.27.B.75.A.1;2;0;1.73273307
2089;2013;0.85;2;27;0;2;2011;2013;2011.27.B.75.A.1;2;1;1.73273307
2091;2012;0.73;1;27;1;1;2011;2014;2011.27.B.194.A.2;3;0;1.442324444
2091;2013;0.73;1;27;1;2;2011;2014;2011.27.B.194.A.2;3;0;1.442324444
2093;2012;0.81;2;27;1;1;2011;2019;2011.27.B.194.A.2;8;0;1.626956464
2093;2013;0.81;2;27;1;2;2011;2019;2011.27.B.194.A.2;8;0;1.626956464
2112;2012;0.98;2;27;0;1;2011;2012;2011.27.A.173.A.2;1;0;1.37273307
2113;2012;1.05;1;27;1;1;2011;2015;2011.27.A.173.A.2;4;1;1.489681922
2113;2013;1.05;1;27;1;2;2011;2015;2011.27.A.173.A.2;4;0;1.489681922
2120;2012;0.98;1;27;1;1;2011;2013;2011.27.B.245.A.1;2;0;0.59542744
2120;2013;0.98;1;27;0;2;2011;2013;2011.27.B.245.A.1;2;0;0.59542744
2140;2011;1.1;2;23;0;1;2010;2011;2010.23.A.265.A.1;1;0;0.856935774
2141;2011;1.42;1;23;0;1;2010;2011;2010.23.A.265.A.1;1;1;1.073824005
2142;2011;1.26;2;23;1;1;2010;2014;2010.23.A.283.A.1;4;0;0.806935774
2142;2012;1.26;2;23;1;2;2010;2014;2010.23.A.283.A.1;4;0;0.806935774
2142;2013;1.26;2;23;1;3;2010;2014;2010.23.A.283.A.1;4;6;0.806935774
2143;2011;0.9;1;23;0;1;2010;2011;2010.23.A.283.A.1;1;1;0.393824005
2147;2011;0.92;2;23;0;1;2010;2011;2010.23.A.361.A.1;1;0;0.180069768
2151;2011;1.62;1;23;1;1;2010;2012;2010.23.A.256.A.1;2;1;-1.170249387
2151;2012;1.62;1;23;0;2;2010;2012;2010.23.A.256.A.1;2;1;-1.170249387
2154;2011;2.1;2;23;1;1;2010;2012;2010.23.A.273.A.2;2;0;-0.043064226
2154;2012;2.1;2;23;0;2;2010;2012;2010.23.A.273.A.2;2;0;-0.043064226
2155;2011;2.23;1;23;0;1;2010;2011;2010.23.A.273.A.2;1;2;0.373824005
2161;2011;0.89;1;23;1;1;2010;2015;2010.23.A.279.A.1;5;1;0.071035679
2161;2012;0.89;1;23;1;2;2010;2015;2010.23.A.279.A.1;5;6;0.071035679
2161;2013;0.89;1;23;1;3;2010;2015;2010.23.A.279.A.1;5;1;0.071035679
2163;2011;1;2;23;0;1;2010;2011;2010.23.A.355.A.1;1;0;-0.903064226
2165;2011;0.84;2;23;0;1;2010;2011;2010.23.A.284.A.2;1;0;0.870069768
2167;2011;1.04;2;23;0;1;2010;2011;2010.23.A.284.A.2;1;0;0.340069768
2168;2011;0.76;1;23;1;1;2010;2014;2010.23.A.273.A.3;4;0;1.359750613
2168;2012;0.76;1;23;1;2;2010;2014;2010.23.A.273.A.3;4;0;1.359750613
2168;2013;0.76;1;23;1;3;2010;2014;2010.23.A.273.A.3;4;0;1.359750613
2169;2011;1.14;2;23;1;1;2010;2012;2010.23.A.273.A.3;2;1;2.020069768
2169;2012;1.14;2;23;0;2;2010;2012;2010.23.A.273.A.3;2;3;2.020069768
2171;2011;0.76;2;23;0;1;2010;2011;2010.23.A.256.A.2;1;0;2.718066027
2172;2011;0.96;2;23;0;1;2010;2011;2010.23.A.256.A.2;1;0;2.238066027
2173;2011;0.68;2;23;0;1;2010;2011;2010.23.A.256.A.2;1;1;2.358066027
2174;2011;0.9;1;23;0;1;2010;2011;2010.23.A.352.A.2;1;0;0.479750613
2176;2011;0.67;1;23;1;1;2010;2014;2010.23.A.255.A.1;4;0;2.451035679
2176;2012;0.67;1;23;1;2;2010;2014;2010.23.A.255.A.1;4;4;2.451035679
2176;2013;0.67;1;23;1;3;2010;2014;2010.23.A.255.A.1;4;4;2.451035679
2177;2011;1.03;1;23;0;1;2010;2011;2010.23.A.255.A.1;1;0;1.661035679
2178;2011;0.99;1;23;1;1;2010;2012;2010.23.A.255.A.1;2;1;0.521035679
2178;2012;0.99;1;23;0;2;2010;2012;2010.23.A.255.A.1;2;3;0.521035679
2189;2011;0.63;1;27;0;1;2010;2011;2010.27.B.71.A.2;1;1;-1.081359952
2193;2011;1.32;1;27;0;1;2010;2011;2010.27.B.98.A.2;1;1;-0.234689514
2202;2011;0.91;1;27;1;1;2010;2013;2010.27.B.199.A.1;3;0;1.962324444
2202;2012;0.91;1;27;1;2;2010;2013;2010.27.B.199.A.1;3;0;1.962324444
2202;2013;0.91;1;27;0;3;2010;2013;2010.27.B.199.A.1;3;0;1.962324444
2205;2011;0.82;2;27;1;1;2010;2012;2010.27.B.71.A.1;2;0;0.816956464
2205;2012;0.82;2;27;0;2;2010;2012;2010.27.B.71.A.1;2;0;0.816956464
2208;2011;0.94;2;27;0;1;2010;2011;2010.27.B.71.A.1;1;0;0.686956464
2224;2011;0.76;1;27;0;1;2010;2011;2010.27.A.17.A.2;1;1;0.935310486
2239;2011;0.57;2;27;0;1;2010;2011;2010.27.B.33.A.1;1;0;-0.203258046
2242;2011;0.84;1;27;0;1;2010;2011;2010.27.B.194.A.1;1;0;-2.464689514
2243;2011;0.94;2;27;0;1;2010;2011;2010.27.B.194.A.1;1;0;-2.32466825
2245;2011;1.01;1;27;0;1;2010;2011;2010.27.B.182.A.2;1;0;0.645310486
2246;2011;0.91;1;27;0;1;2010;2011;2010.27.B.125.A.2;1;0;0.595310486
2250;2011;0.91;1;27;0;1;2010;2011;2010.27.A.94.A.3;1;1;1.785310486
2251;2011;0.74;2;27;0;1;2010;2011;2010.27.A.94.A.3;1;1;0.69533175
2253;2011;0.74;2;27;1;1;2010;2014;2010.27.A.94.A.3;4;2;0.98533175
2253;2012;0.74;2;27;1;2;2010;2014;2010.27.A.94.A.3;4;0;0.98533175
2253;2013;0.74;2;27;1;3;2010;2014;2010.27.A.94.A.3;4;0;0.98533175
2254;2011;1.24;2;27;0;1;2010;2011;2010.27.A.94.A.3;1;0;-0.37466825
2261;2012;0.96;1;27;0;1;2011;2012;2011.27.A.17.A.3;1;0;1.425310486
2263;2012;0.77;2;27;0;1;2011;2012;2011.27.A.17.A.3;1;0;2.07533175
2264;2012;1.03;1;27;1;1;2011;2015;2011.27.A.17.A.3;4;0;0.005310486
2264;2013;1.03;1;27;1;2;2011;2015;2011.27.A.17.A.3;4;3;0.005310486
2281;2012;0.79;2;27;0;1;2011;2012;2011.27.B.86.A.3;1;0;1.497858928
2303;2013;0.81;2;27;1;1;2012;2015;2012.27.B.129.A.1;3;1;-0.923043536
2304;2013;0.65;1;27;1;1;2012;2015;2012.27.A.213.A.1;3;0;0.359681922
2306;2013;1.17;1;27;1;1;2012;2015;2012.27.A.481.A.2;3;1;1.602324444
2325;2013;0.96;1;27;0;1;2012;2013;2012.27.A.489.A.1;1;1;-4.737675556
2344;2013;1.02;2;23;1;1;2012;2014;2012.23.A.262.A.1;2;0;0.740069768
2345;2013;0.81;1;23;1;1;2012;2014;2012.23.A.262.A.1;2;0;0.349750613
2362;2012;0.9;1;23;1;1;2011;2014;2011.23.A.255.A.1;3;0;0.919750613
2362;2013;0.9;1;23;1;2;2011;2014;2011.23.A.255.A.1;3;1;0.919750613
2377;2012;0.6;1;23;0;1;2011;2012;2011.23.A.271.A.2;1;0;-0.007845495
2392;2012;0.94;1;27;0;1;2011;2012;2011.27.A.481.A.1;1;0;-2.634689514
2407;2012;0.8;1;27;0;1;2011;2012;2011.27.B.187.A.1;1;0;-1.007675556
2409;2012;0.89;1;27;0;1;2011;2012;2011.27.B.253.A.1;1;0;0.522324444
2419;2012;1.01;2;27;0;1;2011;2012;2011.27.B.256.A.1;1;0;0.352389682
2423;2012;0.93;2;27;1;1;2011;2013;2011.27.B.278.A.1;2;0;-1.787610318
2423;2013;0.93;2;27;0;2;2011;2013;2011.27.B.278.A.1;2;1;-1.787610318
2425;2012;1.09;2;27;1;1;2011;2014;2011.27.A.105.A.1;3;1;0.806956464
2425;2013;1.09;2;27;1;2;2011;2014;2011.27.A.105.A.1;3;5;0.806956464
2434;2012;0.76;1;27;0;1;2011;2012;2011.27.B.102.A.1;1;0;1.039681922
2436;2012;0.8;1;27;1;1;2011;2015;2011.27.B.182.A.1;4;0;0.477382921
2436;2013;0.8;1;27;1;2;2011;2015;2011.27.B.182.A.1;4;1;0.477382921
2445;2012;0.89;2;27;1;1;2011;2014;2011.27.A.17.A.2;3;0;-0.577338434
2445;2013;0.89;2;27;1;2;2011;2014;2011.27.A.17.A.2;3;1;-0.577338434
2452;2012;0.7;1;27;0;1;2011;2012;2011.27.B.116.C.1;1;0;0.565310486
2469;2012;0.98;1;27;0;1;2011;2012;2011.27.A.238.A.1;1;0;1.408640048
2473;2012;0.73;1;27;0;1;2011;2012;2011.27.A.238.A.1;1;1;1.588640048
2496;2012;0.75;2;27;1;1;2011;2013;2011.27.B.248.A.2;2;0;0.18273307
2496;2013;0.75;2;27;0;2;2011;2013;2011.27.B.248.A.2;2;0;0.18273307
2553;2013;0.95;1;27;1;1;2012;2014;2012.27.A.105.A.2;2;0;0.117382921
2557;2013;0.98;2;27;1;1;2012;2014;2012.27.B.194.A.1;2;0;-0.143043536
2564;2013;1.02;1;27;1;1;2012;2015;2012.27.A.74.A.2;3;0;-0.677675556
2570;2013;1.37;2;23;1;1;2012;2017;2012.23.A.380.A.1;5;0;0.878645342
2572;2013;2.88;1;23;1;1;2012;2014;2012.23.A.318.A.3;2;0;-0.040249387
2573;2013;3.58;1;23;0;1;2012;2013;2012.23.A.318.A.3;1;0;0.829750613
2581;2013;0.77;2;27;1;1;2012;2014;2012.27.A.173.A.2;2;5;-0.97466825
2584;2013;1;1;27;0;1;2012;2013;2012.27.A.482.A.3;1;0;1.022313131
2594;2013;0.81;1;27;0;1;2012;2013;2012.27.B.102.A.1;1;0;0.662324444
